{
  "192.168.1.1": {
    "host": "127.0.0.1",
    "port": 5001,
    "timestamp": 1774810807.9725251
  },
  "192.168.1.6": {
    "host": "127.0.0.1",
    "port": 5000,
    "timestamp": 1774810808.0023527
  },
  "192.168.2.2": {
    "host": "127.0.0.1",
    "port": 5004,
    "timestamp": 1774810808.0129697
  }
}